identifier_id,identifier,identifier_type,reputation_suspicious,reason
1,6000300001,PHONE,1,Synthetic suspicious reputation
2,refund2@upi,UPI,1,Synthetic suspicious reputation
3,https://claim-refund3.example,URL,1,Synthetic suspicious reputation
4,QR_REFUND_0004,QR,1,Synthetic suspicious reputation
5,6000300005,PHONE,1,Synthetic suspicious reputation
6,refund6@upi,UPI,1,Synthetic suspicious reputation
7,https://claim-refund7.example,URL,1,Synthetic suspicious reputation
8,QR_REFUND_0008,QR,1,Synthetic suspicious reputation
9,6000300009,PHONE,1,Synthetic suspicious reputation
10,refund10@upi,UPI,1,Synthetic suspicious reputation
11,https://claim-refund11.example,URL,1,Synthetic suspicious reputation
12,QR_REFUND_0012,QR,1,Synthetic suspicious reputation
13,6000300013,PHONE,1,Synthetic suspicious reputation
14,refund14@upi,UPI,1,Synthetic suspicious reputation
15,https://claim-refund15.example,URL,1,Synthetic suspicious reputation
16,QR_REFUND_0016,QR,1,Synthetic suspicious reputation
17,6000300017,PHONE,1,Synthetic suspicious reputation
18,refund18@upi,UPI,1,Synthetic suspicious reputation
19,https://claim-refund19.example,URL,1,Synthetic suspicious reputation
20,QR_REFUND_0020,QR,1,Synthetic suspicious reputation
21,6000300021,PHONE,1,Synthetic suspicious reputation
22,refund22@upi,UPI,1,Synthetic suspicious reputation
23,https://claim-refund23.example,URL,1,Synthetic suspicious reputation
24,QR_REFUND_0024,QR,1,Synthetic suspicious reputation
25,6000300025,PHONE,1,Synthetic suspicious reputation
26,refund26@upi,UPI,1,Synthetic suspicious reputation
27,https://claim-refund27.example,URL,1,Synthetic suspicious reputation
28,QR_REFUND_0028,QR,1,Synthetic suspicious reputation
29,6000300029,PHONE,1,Synthetic suspicious reputation
30,refund30@upi,UPI,1,Synthetic suspicious reputation
31,https://claim-refund31.example,URL,1,Synthetic suspicious reputation
32,QR_REFUND_0032,QR,1,Synthetic suspicious reputation
33,6000300033,PHONE,1,Synthetic suspicious reputation
34,refund34@upi,UPI,1,Synthetic suspicious reputation
35,https://claim-refund35.example,URL,1,Synthetic suspicious reputation
36,QR_REFUND_0036,QR,1,Synthetic suspicious reputation
37,6000300037,PHONE,1,Synthetic suspicious reputation
38,refund38@upi,UPI,1,Synthetic suspicious reputation
39,https://claim-refund39.example,URL,1,Synthetic suspicious reputation
40,QR_REFUND_0040,QR,1,Synthetic suspicious reputation
41,6000300041,PHONE,1,Synthetic suspicious reputation
42,refund42@upi,UPI,1,Synthetic suspicious reputation
43,https://claim-refund43.example,URL,1,Synthetic suspicious reputation
44,QR_REFUND_0044,QR,1,Synthetic suspicious reputation
45,6000300045,PHONE,1,Synthetic suspicious reputation
46,refund46@upi,UPI,1,Synthetic suspicious reputation
47,https://claim-refund47.example,URL,1,Synthetic suspicious reputation
48,QR_REFUND_0048,QR,1,Synthetic suspicious reputation
49,6000300049,PHONE,1,Synthetic suspicious reputation
50,refund50@upi,UPI,1,Synthetic suspicious reputation
51,https://claim-refund51.example,URL,1,Synthetic suspicious reputation
52,QR_REFUND_0052,QR,1,Synthetic suspicious reputation
53,6000300053,PHONE,1,Synthetic suspicious reputation
54,refund54@upi,UPI,1,Synthetic suspicious reputation
55,https://claim-refund55.example,URL,1,Synthetic suspicious reputation
56,QR_REFUND_0056,QR,1,Synthetic suspicious reputation
57,6000300057,PHONE,1,Synthetic suspicious reputation
58,refund58@upi,UPI,1,Synthetic suspicious reputation
59,https://claim-refund59.example,URL,1,Synthetic suspicious reputation
60,QR_REFUND_0060,QR,1,Synthetic suspicious reputation
61,6000300061,PHONE,1,Synthetic suspicious reputation
62,refund62@upi,UPI,1,Synthetic suspicious reputation
63,https://claim-refund63.example,URL,1,Synthetic suspicious reputation
64,QR_REFUND_0064,QR,1,Synthetic suspicious reputation
65,6000300065,PHONE,1,Synthetic suspicious reputation
66,refund66@upi,UPI,1,Synthetic suspicious reputation
67,https://claim-refund67.example,URL,1,Synthetic suspicious reputation
68,QR_REFUND_0068,QR,1,Synthetic suspicious reputation
69,6000300069,PHONE,1,Synthetic suspicious reputation
70,refund70@upi,UPI,1,Synthetic suspicious reputation
71,https://claim-refund71.example,URL,1,Synthetic suspicious reputation
72,QR_REFUND_0072,QR,1,Synthetic suspicious reputation
73,6000300073,PHONE,1,Synthetic suspicious reputation
74,refund74@upi,UPI,1,Synthetic suspicious reputation
75,https://claim-refund75.example,URL,1,Synthetic suspicious reputation
76,QR_REFUND_0076,QR,1,Synthetic suspicious reputation
77,6000300077,PHONE,1,Synthetic suspicious reputation
78,refund78@upi,UPI,1,Synthetic suspicious reputation
79,https://claim-refund79.example,URL,1,Synthetic suspicious reputation
80,QR_REFUND_0080,QR,1,Synthetic suspicious reputation
81,6000300081,PHONE,1,Synthetic suspicious reputation
82,refund82@upi,UPI,1,Synthetic suspicious reputation
83,https://claim-refund83.example,URL,1,Synthetic suspicious reputation
84,QR_REFUND_0084,QR,1,Synthetic suspicious reputation
85,6000300085,PHONE,1,Synthetic suspicious reputation
86,refund86@upi,UPI,1,Synthetic suspicious reputation
87,https://claim-refund87.example,URL,1,Synthetic suspicious reputation
88,QR_REFUND_0088,QR,1,Synthetic suspicious reputation
89,6000300089,PHONE,1,Synthetic suspicious reputation
90,refund90@upi,UPI,1,Synthetic suspicious reputation
91,https://claim-refund91.example,URL,1,Synthetic suspicious reputation
92,QR_REFUND_0092,QR,1,Synthetic suspicious reputation
93,6000300093,PHONE,1,Synthetic suspicious reputation
94,refund94@upi,UPI,1,Synthetic suspicious reputation
95,https://claim-refund95.example,URL,1,Synthetic suspicious reputation
96,QR_REFUND_0096,QR,1,Synthetic suspicious reputation
97,6000300097,PHONE,1,Synthetic suspicious reputation
98,refund98@upi,UPI,1,Synthetic suspicious reputation
99,https://claim-refund99.example,URL,1,Synthetic suspicious reputation
100,QR_REFUND_0100,QR,1,Synthetic suspicious reputation
101,6000300101,PHONE,1,Synthetic suspicious reputation
102,refund102@upi,UPI,1,Synthetic suspicious reputation
103,https://claim-refund103.example,URL,1,Synthetic suspicious reputation
104,QR_REFUND_0104,QR,1,Synthetic suspicious reputation
105,6000300105,PHONE,1,Synthetic suspicious reputation
106,refund106@upi,UPI,1,Synthetic suspicious reputation
107,https://claim-refund107.example,URL,1,Synthetic suspicious reputation
108,QR_REFUND_0108,QR,1,Synthetic suspicious reputation
109,6000300109,PHONE,1,Synthetic suspicious reputation
110,refund110@upi,UPI,1,Synthetic suspicious reputation
111,https://claim-refund111.example,URL,1,Synthetic suspicious reputation
112,QR_REFUND_0112,QR,1,Synthetic suspicious reputation
113,6000300113,PHONE,1,Synthetic suspicious reputation
114,refund114@upi,UPI,1,Synthetic suspicious reputation
115,https://claim-refund115.example,URL,1,Synthetic suspicious reputation
116,QR_REFUND_0116,QR,1,Synthetic suspicious reputation
117,6000300117,PHONE,1,Synthetic suspicious reputation
118,refund118@upi,UPI,1,Synthetic suspicious reputation
119,https://claim-refund119.example,URL,1,Synthetic suspicious reputation
120,QR_REFUND_0120,QR,1,Synthetic suspicious reputation
121,6000300121,PHONE,1,Synthetic suspicious reputation
122,refund122@upi,UPI,1,Synthetic suspicious reputation
123,https://claim-refund123.example,URL,1,Synthetic suspicious reputation
124,QR_REFUND_0124,QR,1,Synthetic suspicious reputation
125,6000300125,PHONE,1,Synthetic suspicious reputation
126,refund126@upi,UPI,1,Synthetic suspicious reputation
127,https://claim-refund127.example,URL,1,Synthetic suspicious reputation
128,QR_REFUND_0128,QR,1,Synthetic suspicious reputation
129,6000300129,PHONE,1,Synthetic suspicious reputation
130,refund130@upi,UPI,1,Synthetic suspicious reputation
131,https://claim-refund131.example,URL,1,Synthetic suspicious reputation
132,QR_REFUND_0132,QR,1,Synthetic suspicious reputation
133,6000300133,PHONE,1,Synthetic suspicious reputation
134,refund134@upi,UPI,1,Synthetic suspicious reputation
135,https://claim-refund135.example,URL,1,Synthetic suspicious reputation
136,QR_REFUND_0136,QR,1,Synthetic suspicious reputation
137,6000300137,PHONE,1,Synthetic suspicious reputation
138,refund138@upi,UPI,1,Synthetic suspicious reputation
139,https://claim-refund139.example,URL,1,Synthetic suspicious reputation
140,QR_REFUND_0140,QR,1,Synthetic suspicious reputation
141,6000300141,PHONE,1,Synthetic suspicious reputation
142,refund142@upi,UPI,1,Synthetic suspicious reputation
143,https://claim-refund143.example,URL,1,Synthetic suspicious reputation
144,QR_REFUND_0144,QR,1,Synthetic suspicious reputation
145,6000300145,PHONE,1,Synthetic suspicious reputation
146,refund146@upi,UPI,1,Synthetic suspicious reputation
147,https://claim-refund147.example,URL,1,Synthetic suspicious reputation
148,QR_REFUND_0148,QR,1,Synthetic suspicious reputation
149,6000300149,PHONE,1,Synthetic suspicious reputation
150,refund150@upi,UPI,1,Synthetic suspicious reputation
151,https://claim-refund151.example,URL,1,Synthetic suspicious reputation
152,QR_REFUND_0152,QR,1,Synthetic suspicious reputation
153,6000300153,PHONE,1,Synthetic suspicious reputation
154,refund154@upi,UPI,1,Synthetic suspicious reputation
155,https://claim-refund155.example,URL,1,Synthetic suspicious reputation
156,QR_REFUND_0156,QR,1,Synthetic suspicious reputation
157,6000300157,PHONE,1,Synthetic suspicious reputation
158,refund158@upi,UPI,1,Synthetic suspicious reputation
159,https://claim-refund159.example,URL,1,Synthetic suspicious reputation
160,QR_REFUND_0160,QR,1,Synthetic suspicious reputation
161,6000300161,PHONE,1,Synthetic suspicious reputation
162,refund162@upi,UPI,1,Synthetic suspicious reputation
163,https://claim-refund163.example,URL,1,Synthetic suspicious reputation
164,QR_REFUND_0164,QR,1,Synthetic suspicious reputation
165,6000300165,PHONE,1,Synthetic suspicious reputation
166,refund166@upi,UPI,1,Synthetic suspicious reputation
167,https://claim-refund167.example,URL,1,Synthetic suspicious reputation
168,QR_REFUND_0168,QR,1,Synthetic suspicious reputation
169,6000300169,PHONE,1,Synthetic suspicious reputation
170,refund170@upi,UPI,1,Synthetic suspicious reputation
171,https://claim-refund171.example,URL,1,Synthetic suspicious reputation
172,QR_REFUND_0172,QR,1,Synthetic suspicious reputation
173,6000300173,PHONE,1,Synthetic suspicious reputation
174,refund174@upi,UPI,1,Synthetic suspicious reputation
175,https://claim-refund175.example,URL,1,Synthetic suspicious reputation
176,QR_REFUND_0176,QR,1,Synthetic suspicious reputation
177,6000300177,PHONE,1,Synthetic suspicious reputation
178,refund178@upi,UPI,1,Synthetic suspicious reputation
179,https://claim-refund179.example,URL,1,Synthetic suspicious reputation
180,QR_REFUND_0180,QR,1,Synthetic suspicious reputation
181,6000300181,PHONE,1,Synthetic suspicious reputation
182,refund182@upi,UPI,1,Synthetic suspicious reputation
183,https://claim-refund183.example,URL,1,Synthetic suspicious reputation
184,QR_REFUND_0184,QR,1,Synthetic suspicious reputation
185,6000300185,PHONE,1,Synthetic suspicious reputation
186,refund186@upi,UPI,1,Synthetic suspicious reputation
187,https://claim-refund187.example,URL,1,Synthetic suspicious reputation
188,QR_REFUND_0188,QR,1,Synthetic suspicious reputation
189,6000300189,PHONE,1,Synthetic suspicious reputation
190,refund190@upi,UPI,1,Synthetic suspicious reputation
191,https://claim-refund191.example,URL,1,Synthetic suspicious reputation
192,QR_REFUND_0192,QR,1,Synthetic suspicious reputation
193,6000300193,PHONE,1,Synthetic suspicious reputation
194,refund194@upi,UPI,1,Synthetic suspicious reputation
195,https://claim-refund195.example,URL,1,Synthetic suspicious reputation
196,QR_REFUND_0196,QR,1,Synthetic suspicious reputation
197,6000300197,PHONE,1,Synthetic suspicious reputation
198,refund198@upi,UPI,1,Synthetic suspicious reputation
199,https://claim-refund199.example,URL,1,Synthetic suspicious reputation
200,QR_REFUND_0200,QR,1,Synthetic suspicious reputation
201,6000300201,PHONE,1,Synthetic suspicious reputation
202,refund202@upi,UPI,1,Synthetic suspicious reputation
203,https://claim-refund203.example,URL,1,Synthetic suspicious reputation
204,QR_REFUND_0204,QR,1,Synthetic suspicious reputation
205,6000300205,PHONE,1,Synthetic suspicious reputation
206,refund206@upi,UPI,1,Synthetic suspicious reputation
207,https://claim-refund207.example,URL,1,Synthetic suspicious reputation
208,QR_REFUND_0208,QR,1,Synthetic suspicious reputation
209,6000300209,PHONE,1,Synthetic suspicious reputation
210,refund210@upi,UPI,1,Synthetic suspicious reputation
211,https://claim-refund211.example,URL,1,Synthetic suspicious reputation
212,QR_REFUND_0212,QR,1,Synthetic suspicious reputation
213,6000300213,PHONE,1,Synthetic suspicious reputation
214,refund214@upi,UPI,1,Synthetic suspicious reputation
215,https://claim-refund215.example,URL,1,Synthetic suspicious reputation
216,QR_REFUND_0216,QR,1,Synthetic suspicious reputation
217,6000300217,PHONE,1,Synthetic suspicious reputation
218,refund218@upi,UPI,1,Synthetic suspicious reputation
219,https://claim-refund219.example,URL,1,Synthetic suspicious reputation
220,QR_REFUND_0220,QR,1,Synthetic suspicious reputation
221,6000300221,PHONE,1,Synthetic suspicious reputation
222,refund222@upi,UPI,1,Synthetic suspicious reputation
223,https://claim-refund223.example,URL,1,Synthetic suspicious reputation
224,QR_REFUND_0224,QR,1,Synthetic suspicious reputation
225,6000300225,PHONE,1,Synthetic suspicious reputation
226,refund226@upi,UPI,1,Synthetic suspicious reputation
227,https://claim-refund227.example,URL,1,Synthetic suspicious reputation
228,QR_REFUND_0228,QR,1,Synthetic suspicious reputation
229,6000300229,PHONE,1,Synthetic suspicious reputation
230,refund230@upi,UPI,1,Synthetic suspicious reputation
231,https://claim-refund231.example,URL,1,Synthetic suspicious reputation
232,QR_REFUND_0232,QR,1,Synthetic suspicious reputation
233,6000300233,PHONE,1,Synthetic suspicious reputation
234,refund234@upi,UPI,1,Synthetic suspicious reputation
235,https://claim-refund235.example,URL,1,Synthetic suspicious reputation
236,QR_REFUND_0236,QR,1,Synthetic suspicious reputation
237,6000300237,PHONE,1,Synthetic suspicious reputation
238,refund238@upi,UPI,1,Synthetic suspicious reputation
239,https://claim-refund239.example,URL,1,Synthetic suspicious reputation
240,QR_REFUND_0240,QR,1,Synthetic suspicious reputation
241,6000300241,PHONE,1,Synthetic suspicious reputation
242,refund242@upi,UPI,1,Synthetic suspicious reputation
243,https://claim-refund243.example,URL,1,Synthetic suspicious reputation
244,QR_REFUND_0244,QR,1,Synthetic suspicious reputation
245,6000300245,PHONE,1,Synthetic suspicious reputation
246,refund246@upi,UPI,1,Synthetic suspicious reputation
247,https://claim-refund247.example,URL,1,Synthetic suspicious reputation
248,QR_REFUND_0248,QR,1,Synthetic suspicious reputation
249,6000300249,PHONE,1,Synthetic suspicious reputation
250,refund250@upi,UPI,1,Synthetic suspicious reputation
251,https://store251.example,URL,0,Synthetic normal identifier
252,QR_STORE_0252,QR,0,Synthetic normal identifier
253,6000300253,PHONE,0,Synthetic normal identifier
254,contact254@upi,UPI,0,Synthetic normal identifier
255,https://store255.example,URL,0,Synthetic normal identifier
256,QR_STORE_0256,QR,0,Synthetic normal identifier
257,6000300257,PHONE,0,Synthetic normal identifier
258,contact258@upi,UPI,0,Synthetic normal identifier
259,https://store259.example,URL,0,Synthetic normal identifier
260,QR_STORE_0260,QR,0,Synthetic normal identifier
261,6000300261,PHONE,0,Synthetic normal identifier
262,contact262@upi,UPI,0,Synthetic normal identifier
263,https://store263.example,URL,0,Synthetic normal identifier
264,QR_STORE_0264,QR,0,Synthetic normal identifier
265,6000300265,PHONE,0,Synthetic normal identifier
266,contact266@upi,UPI,0,Synthetic normal identifier
267,https://store267.example,URL,0,Synthetic normal identifier
268,QR_STORE_0268,QR,0,Synthetic normal identifier
269,6000300269,PHONE,0,Synthetic normal identifier
270,contact270@upi,UPI,0,Synthetic normal identifier
271,https://store271.example,URL,0,Synthetic normal identifier
272,QR_STORE_0272,QR,0,Synthetic normal identifier
273,6000300273,PHONE,0,Synthetic normal identifier
274,contact274@upi,UPI,0,Synthetic normal identifier
275,https://store275.example,URL,0,Synthetic normal identifier
276,QR_STORE_0276,QR,0,Synthetic normal identifier
277,6000300277,PHONE,0,Synthetic normal identifier
278,contact278@upi,UPI,0,Synthetic normal identifier
279,https://store279.example,URL,0,Synthetic normal identifier
280,QR_STORE_0280,QR,0,Synthetic normal identifier
281,6000300281,PHONE,0,Synthetic normal identifier
282,contact282@upi,UPI,0,Synthetic normal identifier
283,https://store283.example,URL,0,Synthetic normal identifier
284,QR_STORE_0284,QR,0,Synthetic normal identifier
285,6000300285,PHONE,0,Synthetic normal identifier
286,contact286@upi,UPI,0,Synthetic normal identifier
287,https://store287.example,URL,0,Synthetic normal identifier
288,QR_STORE_0288,QR,0,Synthetic normal identifier
289,6000300289,PHONE,0,Synthetic normal identifier
290,contact290@upi,UPI,0,Synthetic normal identifier
291,https://store291.example,URL,0,Synthetic normal identifier
292,QR_STORE_0292,QR,0,Synthetic normal identifier
293,6000300293,PHONE,0,Synthetic normal identifier
294,contact294@upi,UPI,0,Synthetic normal identifier
295,https://store295.example,URL,0,Synthetic normal identifier
296,QR_STORE_0296,QR,0,Synthetic normal identifier
297,6000300297,PHONE,0,Synthetic normal identifier
298,contact298@upi,UPI,0,Synthetic normal identifier
299,https://store299.example,URL,0,Synthetic normal identifier
300,QR_STORE_0300,QR,0,Synthetic normal identifier
301,6000300301,PHONE,0,Synthetic normal identifier
302,contact302@upi,UPI,0,Synthetic normal identifier
303,https://store303.example,URL,0,Synthetic normal identifier
304,QR_STORE_0304,QR,0,Synthetic normal identifier
305,6000300305,PHONE,0,Synthetic normal identifier
306,contact306@upi,UPI,0,Synthetic normal identifier
307,https://store307.example,URL,0,Synthetic normal identifier
308,QR_STORE_0308,QR,0,Synthetic normal identifier
309,6000300309,PHONE,0,Synthetic normal identifier
310,contact310@upi,UPI,0,Synthetic normal identifier
311,https://store311.example,URL,0,Synthetic normal identifier
312,QR_STORE_0312,QR,0,Synthetic normal identifier
313,6000300313,PHONE,0,Synthetic normal identifier
314,contact314@upi,UPI,0,Synthetic normal identifier
315,https://store315.example,URL,0,Synthetic normal identifier
316,QR_STORE_0316,QR,0,Synthetic normal identifier
317,6000300317,PHONE,0,Synthetic normal identifier
318,contact318@upi,UPI,0,Synthetic normal identifier
319,https://store319.example,URL,0,Synthetic normal identifier
320,QR_STORE_0320,QR,0,Synthetic normal identifier
321,6000300321,PHONE,0,Synthetic normal identifier
322,contact322@upi,UPI,0,Synthetic normal identifier
323,https://store323.example,URL,0,Synthetic normal identifier
324,QR_STORE_0324,QR,0,Synthetic normal identifier
325,6000300325,PHONE,0,Synthetic normal identifier
326,contact326@upi,UPI,0,Synthetic normal identifier
327,https://store327.example,URL,0,Synthetic normal identifier
328,QR_STORE_0328,QR,0,Synthetic normal identifier
329,6000300329,PHONE,0,Synthetic normal identifier
330,contact330@upi,UPI,0,Synthetic normal identifier
331,https://store331.example,URL,0,Synthetic normal identifier
332,QR_STORE_0332,QR,0,Synthetic normal identifier
333,6000300333,PHONE,0,Synthetic normal identifier
334,contact334@upi,UPI,0,Synthetic normal identifier
335,https://store335.example,URL,0,Synthetic normal identifier
336,QR_STORE_0336,QR,0,Synthetic normal identifier
337,6000300337,PHONE,0,Synthetic normal identifier
338,contact338@upi,UPI,0,Synthetic normal identifier
339,https://store339.example,URL,0,Synthetic normal identifier
340,QR_STORE_0340,QR,0,Synthetic normal identifier
341,6000300341,PHONE,0,Synthetic normal identifier
342,contact342@upi,UPI,0,Synthetic normal identifier
343,https://store343.example,URL,0,Synthetic normal identifier
344,QR_STORE_0344,QR,0,Synthetic normal identifier
345,6000300345,PHONE,0,Synthetic normal identifier
346,contact346@upi,UPI,0,Synthetic normal identifier
347,https://store347.example,URL,0,Synthetic normal identifier
348,QR_STORE_0348,QR,0,Synthetic normal identifier
349,6000300349,PHONE,0,Synthetic normal identifier
350,contact350@upi,UPI,0,Synthetic normal identifier
351,https://store351.example,URL,0,Synthetic normal identifier
352,QR_STORE_0352,QR,0,Synthetic normal identifier
353,6000300353,PHONE,0,Synthetic normal identifier
354,contact354@upi,UPI,0,Synthetic normal identifier
355,https://store355.example,URL,0,Synthetic normal identifier
356,QR_STORE_0356,QR,0,Synthetic normal identifier
357,6000300357,PHONE,0,Synthetic normal identifier
358,contact358@upi,UPI,0,Synthetic normal identifier
359,https://store359.example,URL,0,Synthetic normal identifier
360,QR_STORE_0360,QR,0,Synthetic normal identifier
361,6000300361,PHONE,0,Synthetic normal identifier
362,contact362@upi,UPI,0,Synthetic normal identifier
363,https://store363.example,URL,0,Synthetic normal identifier
364,QR_STORE_0364,QR,0,Synthetic normal identifier
365,6000300365,PHONE,0,Synthetic normal identifier
366,contact366@upi,UPI,0,Synthetic normal identifier
367,https://store367.example,URL,0,Synthetic normal identifier
368,QR_STORE_0368,QR,0,Synthetic normal identifier
369,6000300369,PHONE,0,Synthetic normal identifier
370,contact370@upi,UPI,0,Synthetic normal identifier
371,https://store371.example,URL,0,Synthetic normal identifier
372,QR_STORE_0372,QR,0,Synthetic normal identifier
373,6000300373,PHONE,0,Synthetic normal identifier
374,contact374@upi,UPI,0,Synthetic normal identifier
375,https://store375.example,URL,0,Synthetic normal identifier
376,QR_STORE_0376,QR,0,Synthetic normal identifier
377,6000300377,PHONE,0,Synthetic normal identifier
378,contact378@upi,UPI,0,Synthetic normal identifier
379,https://store379.example,URL,0,Synthetic normal identifier
380,QR_STORE_0380,QR,0,Synthetic normal identifier
381,6000300381,PHONE,0,Synthetic normal identifier
382,contact382@upi,UPI,0,Synthetic normal identifier
383,https://store383.example,URL,0,Synthetic normal identifier
384,QR_STORE_0384,QR,0,Synthetic normal identifier
385,6000300385,PHONE,0,Synthetic normal identifier
386,contact386@upi,UPI,0,Synthetic normal identifier
387,https://store387.example,URL,0,Synthetic normal identifier
388,QR_STORE_0388,QR,0,Synthetic normal identifier
389,6000300389,PHONE,0,Synthetic normal identifier
390,contact390@upi,UPI,0,Synthetic normal identifier
391,https://store391.example,URL,0,Synthetic normal identifier
392,QR_STORE_0392,QR,0,Synthetic normal identifier
393,6000300393,PHONE,0,Synthetic normal identifier
394,contact394@upi,UPI,0,Synthetic normal identifier
395,https://store395.example,URL,0,Synthetic normal identifier
396,QR_STORE_0396,QR,0,Synthetic normal identifier
397,6000300397,PHONE,0,Synthetic normal identifier
398,contact398@upi,UPI,0,Synthetic normal identifier
399,https://store399.example,URL,0,Synthetic normal identifier
400,QR_STORE_0400,QR,0,Synthetic normal identifier
401,6000300401,PHONE,0,Synthetic normal identifier
402,contact402@upi,UPI,0,Synthetic normal identifier
403,https://store403.example,URL,0,Synthetic normal identifier
404,QR_STORE_0404,QR,0,Synthetic normal identifier
405,6000300405,PHONE,0,Synthetic normal identifier
406,contact406@upi,UPI,0,Synthetic normal identifier
407,https://store407.example,URL,0,Synthetic normal identifier
408,QR_STORE_0408,QR,0,Synthetic normal identifier
409,6000300409,PHONE,0,Synthetic normal identifier
410,contact410@upi,UPI,0,Synthetic normal identifier
411,https://store411.example,URL,0,Synthetic normal identifier
412,QR_STORE_0412,QR,0,Synthetic normal identifier
413,6000300413,PHONE,0,Synthetic normal identifier
414,contact414@upi,UPI,0,Synthetic normal identifier
415,https://store415.example,URL,0,Synthetic normal identifier
416,QR_STORE_0416,QR,0,Synthetic normal identifier
417,6000300417,PHONE,0,Synthetic normal identifier
418,contact418@upi,UPI,0,Synthetic normal identifier
419,https://store419.example,URL,0,Synthetic normal identifier
420,QR_STORE_0420,QR,0,Synthetic normal identifier
421,6000300421,PHONE,0,Synthetic normal identifier
422,contact422@upi,UPI,0,Synthetic normal identifier
423,https://store423.example,URL,0,Synthetic normal identifier
424,QR_STORE_0424,QR,0,Synthetic normal identifier
425,6000300425,PHONE,0,Synthetic normal identifier
426,contact426@upi,UPI,0,Synthetic normal identifier
427,https://store427.example,URL,0,Synthetic normal identifier
428,QR_STORE_0428,QR,0,Synthetic normal identifier
429,6000300429,PHONE,0,Synthetic normal identifier
430,contact430@upi,UPI,0,Synthetic normal identifier
431,https://store431.example,URL,0,Synthetic normal identifier
432,QR_STORE_0432,QR,0,Synthetic normal identifier
433,6000300433,PHONE,0,Synthetic normal identifier
434,contact434@upi,UPI,0,Synthetic normal identifier
435,https://store435.example,URL,0,Synthetic normal identifier
436,QR_STORE_0436,QR,0,Synthetic normal identifier
437,6000300437,PHONE,0,Synthetic normal identifier
438,contact438@upi,UPI,0,Synthetic normal identifier
439,https://store439.example,URL,0,Synthetic normal identifier
440,QR_STORE_0440,QR,0,Synthetic normal identifier
441,6000300441,PHONE,0,Synthetic normal identifier
442,contact442@upi,UPI,0,Synthetic normal identifier
443,https://store443.example,URL,0,Synthetic normal identifier
444,QR_STORE_0444,QR,0,Synthetic normal identifier
445,6000300445,PHONE,0,Synthetic normal identifier
446,contact446@upi,UPI,0,Synthetic normal identifier
447,https://store447.example,URL,0,Synthetic normal identifier
448,QR_STORE_0448,QR,0,Synthetic normal identifier
449,6000300449,PHONE,0,Synthetic normal identifier
450,contact450@upi,UPI,0,Synthetic normal identifier
451,https://store451.example,URL,0,Synthetic normal identifier
452,QR_STORE_0452,QR,0,Synthetic normal identifier
453,6000300453,PHONE,0,Synthetic normal identifier
454,contact454@upi,UPI,0,Synthetic normal identifier
455,https://store455.example,URL,0,Synthetic normal identifier
456,QR_STORE_0456,QR,0,Synthetic normal identifier
457,6000300457,PHONE,0,Synthetic normal identifier
458,contact458@upi,UPI,0,Synthetic normal identifier
459,https://store459.example,URL,0,Synthetic normal identifier
460,QR_STORE_0460,QR,0,Synthetic normal identifier
461,6000300461,PHONE,0,Synthetic normal identifier
462,contact462@upi,UPI,0,Synthetic normal identifier
463,https://store463.example,URL,0,Synthetic normal identifier
464,QR_STORE_0464,QR,0,Synthetic normal identifier
465,6000300465,PHONE,0,Synthetic normal identifier
466,contact466@upi,UPI,0,Synthetic normal identifier
467,https://store467.example,URL,0,Synthetic normal identifier
468,QR_STORE_0468,QR,0,Synthetic normal identifier
469,6000300469,PHONE,0,Synthetic normal identifier
470,contact470@upi,UPI,0,Synthetic normal identifier
471,https://store471.example,URL,0,Synthetic normal identifier
472,QR_STORE_0472,QR,0,Synthetic normal identifier
473,6000300473,PHONE,0,Synthetic normal identifier
474,contact474@upi,UPI,0,Synthetic normal identifier
475,https://store475.example,URL,0,Synthetic normal identifier
476,QR_STORE_0476,QR,0,Synthetic normal identifier
477,6000300477,PHONE,0,Synthetic normal identifier
478,contact478@upi,UPI,0,Synthetic normal identifier
479,https://store479.example,URL,0,Synthetic normal identifier
480,QR_STORE_0480,QR,0,Synthetic normal identifier
481,6000300481,PHONE,0,Synthetic normal identifier
482,contact482@upi,UPI,0,Synthetic normal identifier
483,https://store483.example,URL,0,Synthetic normal identifier
484,QR_STORE_0484,QR,0,Synthetic normal identifier
485,6000300485,PHONE,0,Synthetic normal identifier
486,contact486@upi,UPI,0,Synthetic normal identifier
487,https://store487.example,URL,0,Synthetic normal identifier
488,QR_STORE_0488,QR,0,Synthetic normal identifier
489,6000300489,PHONE,0,Synthetic normal identifier
490,contact490@upi,UPI,0,Synthetic normal identifier
491,https://store491.example,URL,0,Synthetic normal identifier
492,QR_STORE_0492,QR,0,Synthetic normal identifier
493,6000300493,PHONE,0,Synthetic normal identifier
494,contact494@upi,UPI,0,Synthetic normal identifier
495,https://store495.example,URL,0,Synthetic normal identifier
496,QR_STORE_0496,QR,0,Synthetic normal identifier
497,6000300497,PHONE,0,Synthetic normal identifier
498,contact498@upi,UPI,0,Synthetic normal identifier
499,https://store499.example,URL,0,Synthetic normal identifier
500,QR_STORE_0500,QR,0,Synthetic normal identifier
