message_id,message_text,message_category,is_suspicious
1,Your account will be blocked today. Send payment to 6000200001 immediately to prevent suspension.,Account Threat Scam,1
2,Congratulations! You won a reward. Send payment to 6000200002 to claim it immediately.,Prize Scam,1
3,Urgent: verify your identity immediately using the provided payment link to 6000200003.,Urgent Verification Scam,1
4,Refund failed. Send payment to 6000200004 to process the refund.,Refund Scam,1
5,Scan this QR code and complete the payment to 6000200005 to verify your account.,QR Scam,1
6,Double your money quickly with this exclusive investment opportunity. Send payment to 6000200006.,Investment Scam,1
7,Share your OTP and send payment to 6000200007 immediately to complete verification.,OTP Scam,1
8,Bank security alert: your account will be blocked. Transfer money to 6000200008 now.,Authority Scam,1
9,Your account will be blocked today. Send payment to 6000200009 immediately to prevent suspension.,Account Threat Scam,1
10,Congratulations! You won a reward. Send payment to 6000200010 to claim it immediately.,Prize Scam,1
11,Urgent: verify your identity immediately using the provided payment link to 6000200011.,Urgent Verification Scam,1
12,Refund failed. Send payment to 6000200012 to process the refund.,Refund Scam,1
13,Scan this QR code and complete the payment to 6000200013 to verify your account.,QR Scam,1
14,Double your money quickly with this exclusive investment opportunity. Send payment to 6000200014.,Investment Scam,1
15,Share your OTP and send payment to 6000200015 immediately to complete verification.,OTP Scam,1
16,Bank security alert: your account will be blocked. Transfer money to 6000200016 now.,Authority Scam,1
17,Your account will be blocked today. Send payment to 6000200017 immediately to prevent suspension.,Account Threat Scam,1
18,Congratulations! You won a reward. Send payment to 6000200018 to claim it immediately.,Prize Scam,1
19,Urgent: verify your identity immediately using the provided payment link to 6000200019.,Urgent Verification Scam,1
20,Refund failed. Send payment to 6000200020 to process the refund.,Refund Scam,1
21,Scan this QR code and complete the payment to 6000200021 to verify your account.,QR Scam,1
22,Double your money quickly with this exclusive investment opportunity. Send payment to 6000200022.,Investment Scam,1
23,Share your OTP and send payment to 6000200023 immediately to complete verification.,OTP Scam,1
24,Bank security alert: your account will be blocked. Transfer money to 6000200024 now.,Authority Scam,1
25,Your account will be blocked today. Send payment to 6000200025 immediately to prevent suspension.,Account Threat Scam,1
26,Congratulations! You won a reward. Send payment to 6000200026 to claim it immediately.,Prize Scam,1
27,Urgent: verify your identity immediately using the provided payment link to 6000200027.,Urgent Verification Scam,1
28,Refund failed. Send payment to 6000200028 to process the refund.,Refund Scam,1
29,Scan this QR code and complete the payment to 6000200029 to verify your account.,QR Scam,1
30,Double your money quickly with this exclusive investment opportunity. Send payment to 6000200030.,Investment Scam,1
31,Share your OTP and send payment to 6000200031 immediately to complete verification.,OTP Scam,1
32,Bank security alert: your account will be blocked. Transfer money to 6000200032 now.,Authority Scam,1
33,Your account will be blocked today. Send payment to 6000200033 immediately to prevent suspension.,Account Threat Scam,1
34,Congratulations! You won a reward. Send payment to 6000200034 to claim it immediately.,Prize Scam,1
35,Urgent: verify your identity immediately using the provided payment link to 6000200035.,Urgent Verification Scam,1
36,Refund failed. Send payment to 6000200036 to process the refund.,Refund Scam,1
37,Scan this QR code and complete the payment to 6000200037 to verify your account.,QR Scam,1
38,Double your money quickly with this exclusive investment opportunity. Send payment to 6000200038.,Investment Scam,1
39,Share your OTP and send payment to 6000200039 immediately to complete verification.,OTP Scam,1
40,Bank security alert: your account will be blocked. Transfer money to 6000200040 now.,Authority Scam,1
41,Your account will be blocked today. Send payment to 6000200041 immediately to prevent suspension.,Account Threat Scam,1
42,Congratulations! You won a reward. Send payment to 6000200042 to claim it immediately.,Prize Scam,1
43,Urgent: verify your identity immediately using the provided payment link to 6000200043.,Urgent Verification Scam,1
44,Refund failed. Send payment to 6000200044 to process the refund.,Refund Scam,1
45,Scan this QR code and complete the payment to 6000200045 to verify your account.,QR Scam,1
46,Double your money quickly with this exclusive investment opportunity. Send payment to 6000200046.,Investment Scam,1
47,Share your OTP and send payment to 6000200047 immediately to complete verification.,OTP Scam,1
48,Bank security alert: your account will be blocked. Transfer money to 6000200048 now.,Authority Scam,1
49,Your account will be blocked today. Send payment to 6000200049 immediately to prevent suspension.,Account Threat Scam,1
50,Congratulations! You won a reward. Send payment to 6000200050 to claim it immediately.,Prize Scam,1
51,Urgent: verify your identity immediately using the provided payment link to 6000200051.,Urgent Verification Scam,1
52,Refund failed. Send payment to 6000200052 to process the refund.,Refund Scam,1
53,Scan this QR code and complete the payment to 6000200053 to verify your account.,QR Scam,1
54,Double your money quickly with this exclusive investment opportunity. Send payment to 6000200054.,Investment Scam,1
55,Share your OTP and send payment to 6000200055 immediately to complete verification.,OTP Scam,1
56,Bank security alert: your account will be blocked. Transfer money to 6000200056 now.,Authority Scam,1
57,Your account will be blocked today. Send payment to 6000200057 immediately to prevent suspension.,Account Threat Scam,1
58,Congratulations! You won a reward. Send payment to 6000200058 to claim it immediately.,Prize Scam,1
59,Urgent: verify your identity immediately using the provided payment link to 6000200059.,Urgent Verification Scam,1
60,Refund failed. Send payment to 6000200060 to process the refund.,Refund Scam,1
61,Scan this QR code and complete the payment to 6000200061 to verify your account.,QR Scam,1
62,Double your money quickly with this exclusive investment opportunity. Send payment to 6000200062.,Investment Scam,1
63,Share your OTP and send payment to 6000200063 immediately to complete verification.,OTP Scam,1
64,Bank security alert: your account will be blocked. Transfer money to 6000200064 now.,Authority Scam,1
65,Your account will be blocked today. Send payment to 6000200065 immediately to prevent suspension.,Account Threat Scam,1
66,Congratulations! You won a reward. Send payment to 6000200066 to claim it immediately.,Prize Scam,1
67,Urgent: verify your identity immediately using the provided payment link to 6000200067.,Urgent Verification Scam,1
68,Refund failed. Send payment to 6000200068 to process the refund.,Refund Scam,1
69,Scan this QR code and complete the payment to 6000200069 to verify your account.,QR Scam,1
70,Double your money quickly with this exclusive investment opportunity. Send payment to 6000200070.,Investment Scam,1
71,Share your OTP and send payment to 6000200071 immediately to complete verification.,OTP Scam,1
72,Bank security alert: your account will be blocked. Transfer money to 6000200072 now.,Authority Scam,1
73,Your account will be blocked today. Send payment to 6000200073 immediately to prevent suspension.,Account Threat Scam,1
74,Congratulations! You won a reward. Send payment to 6000200074 to claim it immediately.,Prize Scam,1
75,Urgent: verify your identity immediately using the provided payment link to 6000200075.,Urgent Verification Scam,1
76,Refund failed. Send payment to 6000200076 to process the refund.,Refund Scam,1
77,Scan this QR code and complete the payment to 6000200077 to verify your account.,QR Scam,1
78,Double your money quickly with this exclusive investment opportunity. Send payment to 6000200078.,Investment Scam,1
79,Share your OTP and send payment to 6000200079 immediately to complete verification.,OTP Scam,1
80,Bank security alert: your account will be blocked. Transfer money to 6000200080 now.,Authority Scam,1
81,Your account will be blocked today. Send payment to 6000200081 immediately to prevent suspension.,Account Threat Scam,1
82,Congratulations! You won a reward. Send payment to 6000200082 to claim it immediately.,Prize Scam,1
83,Urgent: verify your identity immediately using the provided payment link to 6000200083.,Urgent Verification Scam,1
84,Refund failed. Send payment to 6000200084 to process the refund.,Refund Scam,1
85,Scan this QR code and complete the payment to 6000200085 to verify your account.,QR Scam,1
86,Double your money quickly with this exclusive investment opportunity. Send payment to 6000200086.,Investment Scam,1
87,Share your OTP and send payment to 6000200087 immediately to complete verification.,OTP Scam,1
88,Bank security alert: your account will be blocked. Transfer money to 6000200088 now.,Authority Scam,1
89,Your account will be blocked today. Send payment to 6000200089 immediately to prevent suspension.,Account Threat Scam,1
90,Congratulations! You won a reward. Send payment to 6000200090 to claim it immediately.,Prize Scam,1
91,Urgent: verify your identity immediately using the provided payment link to 6000200091.,Urgent Verification Scam,1
92,Refund failed. Send payment to 6000200092 to process the refund.,Refund Scam,1
93,Scan this QR code and complete the payment to 6000200093 to verify your account.,QR Scam,1
94,Double your money quickly with this exclusive investment opportunity. Send payment to 6000200094.,Investment Scam,1
95,Share your OTP and send payment to 6000200095 immediately to complete verification.,OTP Scam,1
96,Bank security alert: your account will be blocked. Transfer money to 6000200096 now.,Authority Scam,1
97,Your account will be blocked today. Send payment to 6000200097 immediately to prevent suspension.,Account Threat Scam,1
98,Congratulations! You won a reward. Send payment to 6000200098 to claim it immediately.,Prize Scam,1
99,Urgent: verify your identity immediately using the provided payment link to 6000200099.,Urgent Verification Scam,1
100,Refund failed. Send payment to 6000200100 to process the refund.,Refund Scam,1
101,Scan this QR code and complete the payment to 6000200101 to verify your account.,QR Scam,1
102,Double your money quickly with this exclusive investment opportunity. Send payment to 6000200102.,Investment Scam,1
103,Share your OTP and send payment to 6000200103 immediately to complete verification.,OTP Scam,1
104,Bank security alert: your account will be blocked. Transfer money to 6000200104 now.,Authority Scam,1
105,Your account will be blocked today. Send payment to 6000200105 immediately to prevent suspension.,Account Threat Scam,1
106,Congratulations! You won a reward. Send payment to 6000200106 to claim it immediately.,Prize Scam,1
107,Urgent: verify your identity immediately using the provided payment link to 6000200107.,Urgent Verification Scam,1
108,Refund failed. Send payment to 6000200108 to process the refund.,Refund Scam,1
109,Scan this QR code and complete the payment to 6000200109 to verify your account.,QR Scam,1
110,Double your money quickly with this exclusive investment opportunity. Send payment to 6000200110.,Investment Scam,1
111,Share your OTP and send payment to 6000200111 immediately to complete verification.,OTP Scam,1
112,Bank security alert: your account will be blocked. Transfer money to 6000200112 now.,Authority Scam,1
113,Your account will be blocked today. Send payment to 6000200113 immediately to prevent suspension.,Account Threat Scam,1
114,Congratulations! You won a reward. Send payment to 6000200114 to claim it immediately.,Prize Scam,1
115,Urgent: verify your identity immediately using the provided payment link to 6000200115.,Urgent Verification Scam,1
116,Refund failed. Send payment to 6000200116 to process the refund.,Refund Scam,1
117,Scan this QR code and complete the payment to 6000200117 to verify your account.,QR Scam,1
118,Double your money quickly with this exclusive investment opportunity. Send payment to 6000200118.,Investment Scam,1
119,Share your OTP and send payment to 6000200119 immediately to complete verification.,OTP Scam,1
120,Bank security alert: your account will be blocked. Transfer money to 6000200120 now.,Authority Scam,1
121,Your account will be blocked today. Send payment to 6000200121 immediately to prevent suspension.,Account Threat Scam,1
122,Congratulations! You won a reward. Send payment to 6000200122 to claim it immediately.,Prize Scam,1
123,Urgent: verify your identity immediately using the provided payment link to 6000200123.,Urgent Verification Scam,1
124,Refund failed. Send payment to 6000200124 to process the refund.,Refund Scam,1
125,Scan this QR code and complete the payment to 6000200125 to verify your account.,QR Scam,1
126,Double your money quickly with this exclusive investment opportunity. Send payment to 6000200126.,Investment Scam,1
127,Share your OTP and send payment to 6000200127 immediately to complete verification.,OTP Scam,1
128,Bank security alert: your account will be blocked. Transfer money to 6000200128 now.,Authority Scam,1
129,Your account will be blocked today. Send payment to 6000200129 immediately to prevent suspension.,Account Threat Scam,1
130,Congratulations! You won a reward. Send payment to 6000200130 to claim it immediately.,Prize Scam,1
131,Urgent: verify your identity immediately using the provided payment link to 6000200131.,Urgent Verification Scam,1
132,Refund failed. Send payment to 6000200132 to process the refund.,Refund Scam,1
133,Scan this QR code and complete the payment to 6000200133 to verify your account.,QR Scam,1
134,Double your money quickly with this exclusive investment opportunity. Send payment to 6000200134.,Investment Scam,1
135,Share your OTP and send payment to 6000200135 immediately to complete verification.,OTP Scam,1
136,Bank security alert: your account will be blocked. Transfer money to 6000200136 now.,Authority Scam,1
137,Your account will be blocked today. Send payment to 6000200137 immediately to prevent suspension.,Account Threat Scam,1
138,Congratulations! You won a reward. Send payment to 6000200138 to claim it immediately.,Prize Scam,1
139,Urgent: verify your identity immediately using the provided payment link to 6000200139.,Urgent Verification Scam,1
140,Refund failed. Send payment to 6000200140 to process the refund.,Refund Scam,1
141,Scan this QR code and complete the payment to 6000200141 to verify your account.,QR Scam,1
142,Double your money quickly with this exclusive investment opportunity. Send payment to 6000200142.,Investment Scam,1
143,Share your OTP and send payment to 6000200143 immediately to complete verification.,OTP Scam,1
144,Bank security alert: your account will be blocked. Transfer money to 6000200144 now.,Authority Scam,1
145,Your account will be blocked today. Send payment to 6000200145 immediately to prevent suspension.,Account Threat Scam,1
146,Congratulations! You won a reward. Send payment to 6000200146 to claim it immediately.,Prize Scam,1
147,Urgent: verify your identity immediately using the provided payment link to 6000200147.,Urgent Verification Scam,1
148,Refund failed. Send payment to 6000200148 to process the refund.,Refund Scam,1
149,Scan this QR code and complete the payment to 6000200149 to verify your account.,QR Scam,1
150,Double your money quickly with this exclusive investment opportunity. Send payment to 6000200150.,Investment Scam,1
151,Share your OTP and send payment to 6000200151 immediately to complete verification.,OTP Scam,1
152,Bank security alert: your account will be blocked. Transfer money to 6000200152 now.,Authority Scam,1
153,Your account will be blocked today. Send payment to 6000200153 immediately to prevent suspension.,Account Threat Scam,1
154,Congratulations! You won a reward. Send payment to 6000200154 to claim it immediately.,Prize Scam,1
155,Urgent: verify your identity immediately using the provided payment link to 6000200155.,Urgent Verification Scam,1
156,Refund failed. Send payment to 6000200156 to process the refund.,Refund Scam,1
157,Scan this QR code and complete the payment to 6000200157 to verify your account.,QR Scam,1
158,Double your money quickly with this exclusive investment opportunity. Send payment to 6000200158.,Investment Scam,1
159,Share your OTP and send payment to 6000200159 immediately to complete verification.,OTP Scam,1
160,Bank security alert: your account will be blocked. Transfer money to 6000200160 now.,Authority Scam,1
161,Your account will be blocked today. Send payment to 6000200161 immediately to prevent suspension.,Account Threat Scam,1
162,Congratulations! You won a reward. Send payment to 6000200162 to claim it immediately.,Prize Scam,1
163,Urgent: verify your identity immediately using the provided payment link to 6000200163.,Urgent Verification Scam,1
164,Refund failed. Send payment to 6000200164 to process the refund.,Refund Scam,1
165,Scan this QR code and complete the payment to 6000200165 to verify your account.,QR Scam,1
166,Double your money quickly with this exclusive investment opportunity. Send payment to 6000200166.,Investment Scam,1
167,Share your OTP and send payment to 6000200167 immediately to complete verification.,OTP Scam,1
168,Bank security alert: your account will be blocked. Transfer money to 6000200168 now.,Authority Scam,1
169,Your account will be blocked today. Send payment to 6000200169 immediately to prevent suspension.,Account Threat Scam,1
170,Congratulations! You won a reward. Send payment to 6000200170 to claim it immediately.,Prize Scam,1
171,Urgent: verify your identity immediately using the provided payment link to 6000200171.,Urgent Verification Scam,1
172,Refund failed. Send payment to 6000200172 to process the refund.,Refund Scam,1
173,Scan this QR code and complete the payment to 6000200173 to verify your account.,QR Scam,1
174,Double your money quickly with this exclusive investment opportunity. Send payment to 6000200174.,Investment Scam,1
175,Share your OTP and send payment to 6000200175 immediately to complete verification.,OTP Scam,1
176,Bank security alert: your account will be blocked. Transfer money to 6000200176 now.,Authority Scam,1
177,Your account will be blocked today. Send payment to 6000200177 immediately to prevent suspension.,Account Threat Scam,1
178,Congratulations! You won a reward. Send payment to 6000200178 to claim it immediately.,Prize Scam,1
179,Urgent: verify your identity immediately using the provided payment link to 6000200179.,Urgent Verification Scam,1
180,Refund failed. Send payment to 6000200180 to process the refund.,Refund Scam,1
181,Scan this QR code and complete the payment to 6000200181 to verify your account.,QR Scam,1
182,Double your money quickly with this exclusive investment opportunity. Send payment to 6000200182.,Investment Scam,1
183,Share your OTP and send payment to 6000200183 immediately to complete verification.,OTP Scam,1
184,Bank security alert: your account will be blocked. Transfer money to 6000200184 now.,Authority Scam,1
185,Your account will be blocked today. Send payment to 6000200185 immediately to prevent suspension.,Account Threat Scam,1
186,Congratulations! You won a reward. Send payment to 6000200186 to claim it immediately.,Prize Scam,1
187,Urgent: verify your identity immediately using the provided payment link to 6000200187.,Urgent Verification Scam,1
188,Refund failed. Send payment to 6000200188 to process the refund.,Refund Scam,1
189,Scan this QR code and complete the payment to 6000200189 to verify your account.,QR Scam,1
190,Double your money quickly with this exclusive investment opportunity. Send payment to 6000200190.,Investment Scam,1
191,Share your OTP and send payment to 6000200191 immediately to complete verification.,OTP Scam,1
192,Bank security alert: your account will be blocked. Transfer money to 6000200192 now.,Authority Scam,1
193,Your account will be blocked today. Send payment to 6000200193 immediately to prevent suspension.,Account Threat Scam,1
194,Congratulations! You won a reward. Send payment to 6000200194 to claim it immediately.,Prize Scam,1
195,Urgent: verify your identity immediately using the provided payment link to 6000200195.,Urgent Verification Scam,1
196,Refund failed. Send payment to 6000200196 to process the refund.,Refund Scam,1
197,Scan this QR code and complete the payment to 6000200197 to verify your account.,QR Scam,1
198,Double your money quickly with this exclusive investment opportunity. Send payment to 6000200198.,Investment Scam,1
199,Share your OTP and send payment to 6000200199 immediately to complete verification.,OTP Scam,1
200,Bank security alert: your account will be blocked. Transfer money to 6000200200 now.,Authority Scam,1
201,Your account will be blocked today. Send payment to 6000200201 immediately to prevent suspension.,Account Threat Scam,1
202,Congratulations! You won a reward. Send payment to 6000200202 to claim it immediately.,Prize Scam,1
203,Urgent: verify your identity immediately using the provided payment link to 6000200203.,Urgent Verification Scam,1
204,Refund failed. Send payment to 6000200204 to process the refund.,Refund Scam,1
205,Scan this QR code and complete the payment to 6000200205 to verify your account.,QR Scam,1
206,Double your money quickly with this exclusive investment opportunity. Send payment to 6000200206.,Investment Scam,1
207,Share your OTP and send payment to 6000200207 immediately to complete verification.,OTP Scam,1
208,Bank security alert: your account will be blocked. Transfer money to 6000200208 now.,Authority Scam,1
209,Your account will be blocked today. Send payment to 6000200209 immediately to prevent suspension.,Account Threat Scam,1
210,Congratulations! You won a reward. Send payment to 6000200210 to claim it immediately.,Prize Scam,1
211,Urgent: verify your identity immediately using the provided payment link to 6000200211.,Urgent Verification Scam,1
212,Refund failed. Send payment to 6000200212 to process the refund.,Refund Scam,1
213,Scan this QR code and complete the payment to 6000200213 to verify your account.,QR Scam,1
214,Double your money quickly with this exclusive investment opportunity. Send payment to 6000200214.,Investment Scam,1
215,Share your OTP and send payment to 6000200215 immediately to complete verification.,OTP Scam,1
216,Bank security alert: your account will be blocked. Transfer money to 6000200216 now.,Authority Scam,1
217,Your account will be blocked today. Send payment to 6000200217 immediately to prevent suspension.,Account Threat Scam,1
218,Congratulations! You won a reward. Send payment to 6000200218 to claim it immediately.,Prize Scam,1
219,Urgent: verify your identity immediately using the provided payment link to 6000200219.,Urgent Verification Scam,1
220,Refund failed. Send payment to 6000200220 to process the refund.,Refund Scam,1
221,Scan this QR code and complete the payment to 6000200221 to verify your account.,QR Scam,1
222,Double your money quickly with this exclusive investment opportunity. Send payment to 6000200222.,Investment Scam,1
223,Share your OTP and send payment to 6000200223 immediately to complete verification.,OTP Scam,1
224,Bank security alert: your account will be blocked. Transfer money to 6000200224 now.,Authority Scam,1
225,Your account will be blocked today. Send payment to 6000200225 immediately to prevent suspension.,Account Threat Scam,1
226,Congratulations! You won a reward. Send payment to 6000200226 to claim it immediately.,Prize Scam,1
227,Urgent: verify your identity immediately using the provided payment link to 6000200227.,Urgent Verification Scam,1
228,Refund failed. Send payment to 6000200228 to process the refund.,Refund Scam,1
229,Scan this QR code and complete the payment to 6000200229 to verify your account.,QR Scam,1
230,Double your money quickly with this exclusive investment opportunity. Send payment to 6000200230.,Investment Scam,1
231,Share your OTP and send payment to 6000200231 immediately to complete verification.,OTP Scam,1
232,Bank security alert: your account will be blocked. Transfer money to 6000200232 now.,Authority Scam,1
233,Your account will be blocked today. Send payment to 6000200233 immediately to prevent suspension.,Account Threat Scam,1
234,Congratulations! You won a reward. Send payment to 6000200234 to claim it immediately.,Prize Scam,1
235,Urgent: verify your identity immediately using the provided payment link to 6000200235.,Urgent Verification Scam,1
236,Refund failed. Send payment to 6000200236 to process the refund.,Refund Scam,1
237,Scan this QR code and complete the payment to 6000200237 to verify your account.,QR Scam,1
238,Double your money quickly with this exclusive investment opportunity. Send payment to 6000200238.,Investment Scam,1
239,Share your OTP and send payment to 6000200239 immediately to complete verification.,OTP Scam,1
240,Bank security alert: your account will be blocked. Transfer money to 6000200240 now.,Authority Scam,1
241,Your account will be blocked today. Send payment to 6000200241 immediately to prevent suspension.,Account Threat Scam,1
242,Congratulations! You won a reward. Send payment to 6000200242 to claim it immediately.,Prize Scam,1
243,Urgent: verify your identity immediately using the provided payment link to 6000200243.,Urgent Verification Scam,1
244,Refund failed. Send payment to 6000200244 to process the refund.,Refund Scam,1
245,Scan this QR code and complete the payment to 6000200245 to verify your account.,QR Scam,1
246,Double your money quickly with this exclusive investment opportunity. Send payment to 6000200246.,Investment Scam,1
247,Share your OTP and send payment to 6000200247 immediately to complete verification.,OTP Scam,1
248,Bank security alert: your account will be blocked. Transfer money to 6000200248 now.,Authority Scam,1
249,Your account will be blocked today. Send payment to 6000200249 immediately to prevent suspension.,Account Threat Scam,1
250,Congratulations! You won a reward. Send payment to 6000200250 to claim it immediately.,Prize Scam,1
251,Please call me when you are free.,Normal Personal,0
252,Your scheduled payment has been processed successfully.,Normal Banking,0
253,Your package has been delivered successfully.,Normal Delivery,0
254,Your verification code is 482731. Do not share it.,Normal OTP,0
255,Weekend sale starts today. Visit our store for offers.,Normal Promotional,0
256,Your appointment is scheduled for tomorrow at 10 AM.,Normal Reminder,0
257,Please call me when you are free.,Normal Personal,0
258,Your scheduled payment has been processed successfully.,Normal Banking,0
259,Your package has been delivered successfully.,Normal Delivery,0
260,Your verification code is 482731. Do not share it.,Normal OTP,0
261,Weekend sale starts today. Visit our store for offers.,Normal Promotional,0
262,Your appointment is scheduled for tomorrow at 10 AM.,Normal Reminder,0
263,Please call me when you are free.,Normal Personal,0
264,Your scheduled payment has been processed successfully.,Normal Banking,0
265,Your package has been delivered successfully.,Normal Delivery,0
266,Your verification code is 482731. Do not share it.,Normal OTP,0
267,Weekend sale starts today. Visit our store for offers.,Normal Promotional,0
268,Your appointment is scheduled for tomorrow at 10 AM.,Normal Reminder,0
269,Please call me when you are free.,Normal Personal,0
270,Your scheduled payment has been processed successfully.,Normal Banking,0
271,Your package has been delivered successfully.,Normal Delivery,0
272,Your verification code is 482731. Do not share it.,Normal OTP,0
273,Weekend sale starts today. Visit our store for offers.,Normal Promotional,0
274,Your appointment is scheduled for tomorrow at 10 AM.,Normal Reminder,0
275,Please call me when you are free.,Normal Personal,0
276,Your scheduled payment has been processed successfully.,Normal Banking,0
277,Your package has been delivered successfully.,Normal Delivery,0
278,Your verification code is 482731. Do not share it.,Normal OTP,0
279,Weekend sale starts today. Visit our store for offers.,Normal Promotional,0
280,Your appointment is scheduled for tomorrow at 10 AM.,Normal Reminder,0
281,Please call me when you are free.,Normal Personal,0
282,Your scheduled payment has been processed successfully.,Normal Banking,0
283,Your package has been delivered successfully.,Normal Delivery,0
284,Your verification code is 482731. Do not share it.,Normal OTP,0
285,Weekend sale starts today. Visit our store for offers.,Normal Promotional,0
286,Your appointment is scheduled for tomorrow at 10 AM.,Normal Reminder,0
287,Please call me when you are free.,Normal Personal,0
288,Your scheduled payment has been processed successfully.,Normal Banking,0
289,Your package has been delivered successfully.,Normal Delivery,0
290,Your verification code is 482731. Do not share it.,Normal OTP,0
291,Weekend sale starts today. Visit our store for offers.,Normal Promotional,0
292,Your appointment is scheduled for tomorrow at 10 AM.,Normal Reminder,0
293,Please call me when you are free.,Normal Personal,0
294,Your scheduled payment has been processed successfully.,Normal Banking,0
295,Your package has been delivered successfully.,Normal Delivery,0
296,Your verification code is 482731. Do not share it.,Normal OTP,0
297,Weekend sale starts today. Visit our store for offers.,Normal Promotional,0
298,Your appointment is scheduled for tomorrow at 10 AM.,Normal Reminder,0
299,Please call me when you are free.,Normal Personal,0
300,Your scheduled payment has been processed successfully.,Normal Banking,0
301,Your package has been delivered successfully.,Normal Delivery,0
302,Your verification code is 482731. Do not share it.,Normal OTP,0
303,Weekend sale starts today. Visit our store for offers.,Normal Promotional,0
304,Your appointment is scheduled for tomorrow at 10 AM.,Normal Reminder,0
305,Please call me when you are free.,Normal Personal,0
306,Your scheduled payment has been processed successfully.,Normal Banking,0
307,Your package has been delivered successfully.,Normal Delivery,0
308,Your verification code is 482731. Do not share it.,Normal OTP,0
309,Weekend sale starts today. Visit our store for offers.,Normal Promotional,0
310,Your appointment is scheduled for tomorrow at 10 AM.,Normal Reminder,0
311,Please call me when you are free.,Normal Personal,0
312,Your scheduled payment has been processed successfully.,Normal Banking,0
313,Your package has been delivered successfully.,Normal Delivery,0
314,Your verification code is 482731. Do not share it.,Normal OTP,0
315,Weekend sale starts today. Visit our store for offers.,Normal Promotional,0
316,Your appointment is scheduled for tomorrow at 10 AM.,Normal Reminder,0
317,Please call me when you are free.,Normal Personal,0
318,Your scheduled payment has been processed successfully.,Normal Banking,0
319,Your package has been delivered successfully.,Normal Delivery,0
320,Your verification code is 482731. Do not share it.,Normal OTP,0
321,Weekend sale starts today. Visit our store for offers.,Normal Promotional,0
322,Your appointment is scheduled for tomorrow at 10 AM.,Normal Reminder,0
323,Please call me when you are free.,Normal Personal,0
324,Your scheduled payment has been processed successfully.,Normal Banking,0
325,Your package has been delivered successfully.,Normal Delivery,0
326,Your verification code is 482731. Do not share it.,Normal OTP,0
327,Weekend sale starts today. Visit our store for offers.,Normal Promotional,0
328,Your appointment is scheduled for tomorrow at 10 AM.,Normal Reminder,0
329,Please call me when you are free.,Normal Personal,0
330,Your scheduled payment has been processed successfully.,Normal Banking,0
331,Your package has been delivered successfully.,Normal Delivery,0
332,Your verification code is 482731. Do not share it.,Normal OTP,0
333,Weekend sale starts today. Visit our store for offers.,Normal Promotional,0
334,Your appointment is scheduled for tomorrow at 10 AM.,Normal Reminder,0
335,Please call me when you are free.,Normal Personal,0
336,Your scheduled payment has been processed successfully.,Normal Banking,0
337,Your package has been delivered successfully.,Normal Delivery,0
338,Your verification code is 482731. Do not share it.,Normal OTP,0
339,Weekend sale starts today. Visit our store for offers.,Normal Promotional,0
340,Your appointment is scheduled for tomorrow at 10 AM.,Normal Reminder,0
341,Please call me when you are free.,Normal Personal,0
342,Your scheduled payment has been processed successfully.,Normal Banking,0
343,Your package has been delivered successfully.,Normal Delivery,0
344,Your verification code is 482731. Do not share it.,Normal OTP,0
345,Weekend sale starts today. Visit our store for offers.,Normal Promotional,0
346,Your appointment is scheduled for tomorrow at 10 AM.,Normal Reminder,0
347,Please call me when you are free.,Normal Personal,0
348,Your scheduled payment has been processed successfully.,Normal Banking,0
349,Your package has been delivered successfully.,Normal Delivery,0
350,Your verification code is 482731. Do not share it.,Normal OTP,0
351,Weekend sale starts today. Visit our store for offers.,Normal Promotional,0
352,Your appointment is scheduled for tomorrow at 10 AM.,Normal Reminder,0
353,Please call me when you are free.,Normal Personal,0
354,Your scheduled payment has been processed successfully.,Normal Banking,0
355,Your package has been delivered successfully.,Normal Delivery,0
356,Your verification code is 482731. Do not share it.,Normal OTP,0
357,Weekend sale starts today. Visit our store for offers.,Normal Promotional,0
358,Your appointment is scheduled for tomorrow at 10 AM.,Normal Reminder,0
359,Please call me when you are free.,Normal Personal,0
360,Your scheduled payment has been processed successfully.,Normal Banking,0
361,Your package has been delivered successfully.,Normal Delivery,0
362,Your verification code is 482731. Do not share it.,Normal OTP,0
363,Weekend sale starts today. Visit our store for offers.,Normal Promotional,0
364,Your appointment is scheduled for tomorrow at 10 AM.,Normal Reminder,0
365,Please call me when you are free.,Normal Personal,0
366,Your scheduled payment has been processed successfully.,Normal Banking,0
367,Your package has been delivered successfully.,Normal Delivery,0
368,Your verification code is 482731. Do not share it.,Normal OTP,0
369,Weekend sale starts today. Visit our store for offers.,Normal Promotional,0
370,Your appointment is scheduled for tomorrow at 10 AM.,Normal Reminder,0
371,Please call me when you are free.,Normal Personal,0
372,Your scheduled payment has been processed successfully.,Normal Banking,0
373,Your package has been delivered successfully.,Normal Delivery,0
374,Your verification code is 482731. Do not share it.,Normal OTP,0
375,Weekend sale starts today. Visit our store for offers.,Normal Promotional,0
376,Your appointment is scheduled for tomorrow at 10 AM.,Normal Reminder,0
377,Please call me when you are free.,Normal Personal,0
378,Your scheduled payment has been processed successfully.,Normal Banking,0
379,Your package has been delivered successfully.,Normal Delivery,0
380,Your verification code is 482731. Do not share it.,Normal OTP,0
381,Weekend sale starts today. Visit our store for offers.,Normal Promotional,0
382,Your appointment is scheduled for tomorrow at 10 AM.,Normal Reminder,0
383,Please call me when you are free.,Normal Personal,0
384,Your scheduled payment has been processed successfully.,Normal Banking,0
385,Your package has been delivered successfully.,Normal Delivery,0
386,Your verification code is 482731. Do not share it.,Normal OTP,0
387,Weekend sale starts today. Visit our store for offers.,Normal Promotional,0
388,Your appointment is scheduled for tomorrow at 10 AM.,Normal Reminder,0
389,Please call me when you are free.,Normal Personal,0
390,Your scheduled payment has been processed successfully.,Normal Banking,0
391,Your package has been delivered successfully.,Normal Delivery,0
392,Your verification code is 482731. Do not share it.,Normal OTP,0
393,Weekend sale starts today. Visit our store for offers.,Normal Promotional,0
394,Your appointment is scheduled for tomorrow at 10 AM.,Normal Reminder,0
395,Please call me when you are free.,Normal Personal,0
396,Your scheduled payment has been processed successfully.,Normal Banking,0
397,Your package has been delivered successfully.,Normal Delivery,0
398,Your verification code is 482731. Do not share it.,Normal OTP,0
399,Weekend sale starts today. Visit our store for offers.,Normal Promotional,0
400,Your appointment is scheduled for tomorrow at 10 AM.,Normal Reminder,0
401,Please call me when you are free.,Normal Personal,0
402,Your scheduled payment has been processed successfully.,Normal Banking,0
403,Your package has been delivered successfully.,Normal Delivery,0
404,Your verification code is 482731. Do not share it.,Normal OTP,0
405,Weekend sale starts today. Visit our store for offers.,Normal Promotional,0
406,Your appointment is scheduled for tomorrow at 10 AM.,Normal Reminder,0
407,Please call me when you are free.,Normal Personal,0
408,Your scheduled payment has been processed successfully.,Normal Banking,0
409,Your package has been delivered successfully.,Normal Delivery,0
410,Your verification code is 482731. Do not share it.,Normal OTP,0
411,Weekend sale starts today. Visit our store for offers.,Normal Promotional,0
412,Your appointment is scheduled for tomorrow at 10 AM.,Normal Reminder,0
413,Please call me when you are free.,Normal Personal,0
414,Your scheduled payment has been processed successfully.,Normal Banking,0
415,Your package has been delivered successfully.,Normal Delivery,0
416,Your verification code is 482731. Do not share it.,Normal OTP,0
417,Weekend sale starts today. Visit our store for offers.,Normal Promotional,0
418,Your appointment is scheduled for tomorrow at 10 AM.,Normal Reminder,0
419,Please call me when you are free.,Normal Personal,0
420,Your scheduled payment has been processed successfully.,Normal Banking,0
421,Your package has been delivered successfully.,Normal Delivery,0
422,Your verification code is 482731. Do not share it.,Normal OTP,0
423,Weekend sale starts today. Visit our store for offers.,Normal Promotional,0
424,Your appointment is scheduled for tomorrow at 10 AM.,Normal Reminder,0
425,Please call me when you are free.,Normal Personal,0
426,Your scheduled payment has been processed successfully.,Normal Banking,0
427,Your package has been delivered successfully.,Normal Delivery,0
428,Your verification code is 482731. Do not share it.,Normal OTP,0
429,Weekend sale starts today. Visit our store for offers.,Normal Promotional,0
430,Your appointment is scheduled for tomorrow at 10 AM.,Normal Reminder,0
431,Please call me when you are free.,Normal Personal,0
432,Your scheduled payment has been processed successfully.,Normal Banking,0
433,Your package has been delivered successfully.,Normal Delivery,0
434,Your verification code is 482731. Do not share it.,Normal OTP,0
435,Weekend sale starts today. Visit our store for offers.,Normal Promotional,0
436,Your appointment is scheduled for tomorrow at 10 AM.,Normal Reminder,0
437,Please call me when you are free.,Normal Personal,0
438,Your scheduled payment has been processed successfully.,Normal Banking,0
439,Your package has been delivered successfully.,Normal Delivery,0
440,Your verification code is 482731. Do not share it.,Normal OTP,0
441,Weekend sale starts today. Visit our store for offers.,Normal Promotional,0
442,Your appointment is scheduled for tomorrow at 10 AM.,Normal Reminder,0
443,Please call me when you are free.,Normal Personal,0
444,Your scheduled payment has been processed successfully.,Normal Banking,0
445,Your package has been delivered successfully.,Normal Delivery,0
446,Your verification code is 482731. Do not share it.,Normal OTP,0
447,Weekend sale starts today. Visit our store for offers.,Normal Promotional,0
448,Your appointment is scheduled for tomorrow at 10 AM.,Normal Reminder,0
449,Please call me when you are free.,Normal Personal,0
450,Your scheduled payment has been processed successfully.,Normal Banking,0
451,Your package has been delivered successfully.,Normal Delivery,0
452,Your verification code is 482731. Do not share it.,Normal OTP,0
453,Weekend sale starts today. Visit our store for offers.,Normal Promotional,0
454,Your appointment is scheduled for tomorrow at 10 AM.,Normal Reminder,0
455,Please call me when you are free.,Normal Personal,0
456,Your scheduled payment has been processed successfully.,Normal Banking,0
457,Your package has been delivered successfully.,Normal Delivery,0
458,Your verification code is 482731. Do not share it.,Normal OTP,0
459,Weekend sale starts today. Visit our store for offers.,Normal Promotional,0
460,Your appointment is scheduled for tomorrow at 10 AM.,Normal Reminder,0
461,Please call me when you are free.,Normal Personal,0
462,Your scheduled payment has been processed successfully.,Normal Banking,0
463,Your package has been delivered successfully.,Normal Delivery,0
464,Your verification code is 482731. Do not share it.,Normal OTP,0
465,Weekend sale starts today. Visit our store for offers.,Normal Promotional,0
466,Your appointment is scheduled for tomorrow at 10 AM.,Normal Reminder,0
467,Please call me when you are free.,Normal Personal,0
468,Your scheduled payment has been processed successfully.,Normal Banking,0
469,Your package has been delivered successfully.,Normal Delivery,0
470,Your verification code is 482731. Do not share it.,Normal OTP,0
471,Weekend sale starts today. Visit our store for offers.,Normal Promotional,0
472,Your appointment is scheduled for tomorrow at 10 AM.,Normal Reminder,0
473,Please call me when you are free.,Normal Personal,0
474,Your scheduled payment has been processed successfully.,Normal Banking,0
475,Your package has been delivered successfully.,Normal Delivery,0
476,Your verification code is 482731. Do not share it.,Normal OTP,0
477,Weekend sale starts today. Visit our store for offers.,Normal Promotional,0
478,Your appointment is scheduled for tomorrow at 10 AM.,Normal Reminder,0
479,Please call me when you are free.,Normal Personal,0
480,Your scheduled payment has been processed successfully.,Normal Banking,0
481,Your package has been delivered successfully.,Normal Delivery,0
482,Your verification code is 482731. Do not share it.,Normal OTP,0
483,Weekend sale starts today. Visit our store for offers.,Normal Promotional,0
484,Your appointment is scheduled for tomorrow at 10 AM.,Normal Reminder,0
485,Please call me when you are free.,Normal Personal,0
486,Your scheduled payment has been processed successfully.,Normal Banking,0
487,Your package has been delivered successfully.,Normal Delivery,0
488,Your verification code is 482731. Do not share it.,Normal OTP,0
489,Weekend sale starts today. Visit our store for offers.,Normal Promotional,0
490,Your appointment is scheduled for tomorrow at 10 AM.,Normal Reminder,0
491,Please call me when you are free.,Normal Personal,0
492,Your scheduled payment has been processed successfully.,Normal Banking,0
493,Your package has been delivered successfully.,Normal Delivery,0
494,Your verification code is 482731. Do not share it.,Normal OTP,0
495,Weekend sale starts today. Visit our store for offers.,Normal Promotional,0
496,Your appointment is scheduled for tomorrow at 10 AM.,Normal Reminder,0
497,Please call me when you are free.,Normal Personal,0
498,Your scheduled payment has been processed successfully.,Normal Banking,0
499,Your package has been delivered successfully.,Normal Delivery,0
500,Your verification code is 482731. Do not share it.,Normal OTP,0
